epoch,step,test/accuracy,test/f1_score,test/loss,train/accuracy,train/f1_score,train/loss_epoch,train/loss_step,val/accuracy,val/f1_score,val/loss,val_f1_score
0,9,,,,,,,4.1196608543396,,,,
0,19,,,,,,,3.9928650856018066,,,,
0,29,,,,,,,3.991968870162964,,,,
0,39,,,,,,,3.927459716796875,,,,
0,49,,,,,,,3.8287065029144287,,,,
0,59,,,,,,,3.6721341609954834,,,,
0,69,,,,,,,3.4868407249450684,,,,
0,79,,,,,,,3.3056626319885254,,,,
0,83,,,,,,,,0.42210960388183594,0.3701503574848175,3.056562662124634,0.3701503574848175
0,83,,,,0.1534816026687622,0.1310863345861435,3.809873104095459,,,,,
1,89,,,,,,,3.1344146728515625,,,,
1,99,,,,,,,2.56712007522583,,,,
1,109,,,,,,,2.480412006378174,,,,
1,119,,,,,,,2.1635422706604004,,,,
1,129,,,,,,,2.1528873443603516,,,,
1,139,,,,,,,1.7796353101730347,,,,
1,149,,,,,,,1.7698270082473755,,,,
1,159,,,,,,,1.6222045421600342,,,,
1,167,,,,,,,,0.8821321129798889,0.89713054895401,1.421472191810608,0.89713054895401
1,167,,,,0.6321321129798889,0.6116113662719727,2.1840996742248535,,,,,
2,169,,,,,,,1.3091704845428467,,,,
2,179,,,,,,,1.4037079811096191,,,,
2,189,,,,,,,1.2695775032043457,,,,
2,199,,,,,,,1.3520534038543701,,,,
2,209,,,,,,,1.1879527568817139,,,,
2,219,,,,,,,1.249956727027893,,,,
2,229,,,,,,,1.258117914199829,,,,
2,239,,,,,,,1.2382524013519287,,,,
2,249,,,,,,,1.2311222553253174,,,,
2,251,,,,,,,,0.9767267107963562,0.9849251508712769,1.1412937641143799,0.9849251508712769
2,251,,,,0.918027400970459,0.9324964880943298,1.2758549451828003,,,,,
3,259,,,,,,,1.0726008415222168,,,,
3,269,,,,,,,1.1769804954528809,,,,
3,279,,,,,,,1.101532220840454,,,,
3,289,,,,,,,1.193275809288025,,,,
3,299,,,,,,,1.0373598337173462,,,,
3,309,,,,,,,1.0696552991867065,,,,
3,319,,,,,,,1.1087759733200073,,,,
3,329,,,,,,,1.092605471611023,,,,
3,335,,,,,,,,0.9934309124946594,0.9943906664848328,1.093493938446045,0.9943906664848328
3,335,,,,0.9776182174682617,0.9834475517272949,1.12601900100708,,,,,
4,339,,,,,,,1.265687108039856,,,,
4,349,,,,,,,1.0828300714492798,,,,
4,359,,,,,,,1.1841806173324585,,,,
4,369,,,,,,,1.1014397144317627,,,,
4,379,,,,,,,1.0303043127059937,,,,
4,389,,,,,,,1.0133758783340454,,,,
4,399,,,,,,,1.1124151945114136,,,,
4,409,,,,,,,1.0199648141860962,,,,
4,419,,,,,,,1.2294892072677612,,,,
4,419,,,,,,,,0.9962462186813354,0.9965904355049133,1.0815391540527344,0.9965904355049133
4,419,,,,0.9903340935707092,0.9928692579269409,1.0913854837417603,,,,,
5,429,,,,,,,1.150477647781372,,,,
5,439,,,,,,,1.0959384441375732,,,,
5,449,,,,,,,1.1053388118743896,,,,
5,459,,,,,,,1.0085209608078003,,,,
5,469,,,,,,,1.157334804534912,,,,
5,479,,,,,,,1.0746159553527832,,,,
5,489,,,,,,,1.1109411716461182,,,,
5,499,,,,,,,1.0703365802764893,,,,
5,503,,,,,,,,0.9954954981803894,0.9968881607055664,1.0765811204910278,0.9968881607055664
5,503,,,,0.9922109842300415,0.9925228357315063,1.0892221927642822,,,,,
6,509,,,,,,,1.051595687866211,,,,
6,519,,,,,,,1.04720139503479,,,,
6,529,,,,,,,1.1466008424758911,,,,
6,539,,,,,,,1.0409388542175293,,,,
6,549,,,,,,,1.129169225692749,,,,
6,559,,,,,,,1.0022441148757935,,,,
6,569,,,,,,,1.157127857208252,,,,
6,579,,,,,,,1.149652361869812,,,,
6,587,,,,,,,,0.9964339137077332,0.996389627456665,1.0721124410629272,0.996389627456665
6,587,,,,0.9947916865348816,0.9959053993225098,1.0750857591629028,,,,,
7,589,,,,,,,1.06574547290802,,,,
7,599,,,,,,,1.1530054807662964,,,,
7,609,,,,,,,1.081695318222046,,,,
7,619,,,,,,,1.1462106704711914,,,,
7,629,,,,,,,1.084025263786316,,,,
7,639,,,,,,,1.18633234500885,,,,
7,649,,,,,,,1.1539978981018066,,,,
7,659,,,,,,,1.1457805633544922,,,,
7,669,,,,,,,1.0671371221542358,,,,
7,671,,,,,,,,0.992304801940918,0.9866068363189697,1.0910364389419556,0.9866068363189697
7,671,,,,0.9919294118881226,0.9908328056335449,1.0866447687149048,,,,,
8,679,,,,,,,1.1592612266540527,,,,
8,689,,,,,,,1.0986167192459106,,,,
8,699,,,,,,,1.0414843559265137,,,,
8,709,,,,,,,1.0616861581802368,,,,
8,719,,,,,,,1.0617663860321045,,,,
8,729,,,,,,,1.0970500707626343,,,,
8,739,,,,,,,1.036454677581787,,,,
8,749,,,,,,,1.1402976512908936,,,,
8,755,,,,,,,,0.9932432174682617,0.9926332235336304,1.079609990119934,0.9926332235336304
8,755,,,,0.9939470887184143,0.9928768873214722,1.0826605558395386,,,,,
9,759,,,,,,,1.0295330286026,,,,
9,769,,,,,,,1.0223984718322754,,,,
9,779,,,,,,,1.1115927696228027,,,,
9,789,,,,,,,1.0228161811828613,,,,
9,799,,,,,,,1.0590527057647705,,,,
9,809,,,,,,,1.1421420574188232,,,,
9,819,,,,,,,1.0213154554367065,,,,
9,829,,,,,,,1.0602000951766968,,,,
9,839,,,,,,,0.9688268899917603,,,,
9,839,,,,,,,,0.99793541431427,0.9984251260757446,1.0634700059890747,0.9984251260757446
9,839,,,,0.9949793815612793,0.9949042201042175,1.0724080801010132,,,,,
10,849,,,,,,,1.0859624147415161,,,,
10,859,,,,,,,1.002585530281067,,,,
10,869,,,,,,,1.0680873394012451,,,,
10,879,,,,,,,1.2173906564712524,,,,
10,889,,,,,,,1.1486448049545288,,,,
10,899,,,,,,,1.0373796224594116,,,,
10,909,,,,,,,1.0721416473388672,,,,
10,919,,,,,,,1.060136318206787,,,,
10,923,,,,,,,,0.9954954981803894,0.9960024356842041,1.0735218524932861,0.9960024356842041
10,923,,,,0.9968093037605286,0.9961506724357605,1.0724085569381714,,,,,
11,929,,,,,,,1.1369433403015137,,,,
11,939,,,,,,,1.0370032787322998,,,,
11,949,,,,,,,1.0286157131195068,,,,
11,959,,,,,,,1.1290756464004517,,,,
11,969,,,,,,,1.1526232957839966,,,,
11,979,,,,,,,1.0841258764266968,,,,
11,989,,,,,,,1.0571963787078857,,,,
11,999,,,,,,,1.133373737335205,,,,
11,1007,,,,,,,,0.9973723888397217,0.9970345497131348,1.0659148693084717,0.9970345497131348
11,1007,,,,0.9947447180747986,0.9964336156845093,1.0705374479293823,,,,,
12,1009,,,,,,,1.1056466102600098,,,,
12,1019,,,,,,,0.9981618523597717,,,,
12,1029,,,,,,,1.1520001888275146,,,,
12,1039,,,,,,,1.0203388929367065,,,,
12,1049,,,,,,,1.1231170892715454,,,,
12,1059,,,,,,,1.0195118188858032,,,,
12,1069,,,,,,,1.0589731931686401,,,,
12,1079,,,,,,,1.166051983833313,,,,
12,1089,,,,,,,1.234276294708252,,,,
12,1091,,,,,,,,0.9977477192878723,0.9974311590194702,1.0746996402740479,0.9974311590194702
12,1091,,,,0.9952139854431152,0.993675947189331,1.0822993516921997,,,,,
13,1099,,,,,,,1.1473000049591064,,,,
13,1109,,,,,,,1.1004421710968018,,,,
13,1119,,,,,,,1.019155740737915,,,,
13,1129,,,,,,,1.1187987327575684,,,,
13,1139,,,,,,,0.9916130304336548,,,,
13,1149,,,,,,,1.1599173545837402,,,,
13,1159,,,,,,,1.0261372327804565,,,,
13,1169,,,,,,,1.0194413661956787,,,,
13,1175,,,,,,,,0.9990615844726562,0.9992009997367859,1.0635128021240234,0.9992009997367859
13,1175,,,,0.9983108043670654,0.9985542297363281,1.0645486116409302,,,,,
14,1179,,,,,,,1.09040367603302,,,,
14,1189,,,,,,,1.1815152168273926,,,,
14,1199,,,,,,,1.086000680923462,,,,
14,1209,,,,,,,1.070246934890747,,,,
14,1219,,,,,,,1.0629680156707764,,,,
14,1229,,,,,,,1.136137843132019,,,,
14,1239,,,,,,,0.986712634563446,,,,
14,1249,,,,,,,0.9800305366516113,,,,
14,1259,,,,,,,1.004758358001709,,,,
14,1259,,,,,,,,0.9968093037605286,0.9977738857269287,1.0642180442810059,0.9977738857269287
14,1259,,,,0.9977946877479553,0.9984983801841736,1.062295913696289,,,,,
15,1260,,,,,,,,0.9990615844726562,0.9992009997367859,1.0635128021240234,0.9992009997367859
15,1260,0.9847980737686157,0.9780248999595642,1.1691924333572388,,,,,,,,
